{
  "IcoMoonType": "selection",
  "icons": [
    {
      "icon": {
        "paths": [
          "M1023.75 1023.994v-0.045h0.256v-375.552c0-183.723-39.552-325.249-254.336-325.249-103.251 0-172.545 56.662-200.833 110.379h-2.986v-93.227h-203.649v683.649h212.054v-338.515c0-89.133 16.896-175.32 127.273-175.32 108.762 0 110.381 101.717 110.381 181.035v332.845h211.84z",
          "M16.898 340.344h212.309v683.65h-212.309v-683.65z",
          "M122.969-0.008c-67.882 0-122.965 55.083-122.965 122.965s55.083 124.118 122.965 124.118c67.883 0 122.966-56.235 122.966-124.118-0.043-67.883-55.126-122.965-122.966-122.965v0z"
        ],
        "attrs": [
          {
            "fill": "rgb(244, 244, 253)"
          },
          {
            "fill": "rgb(244, 244, 253)"
          },
          {
            "fill": "rgb(244, 244, 253)"
          }
        ],
        "isMulticolor": false,
        "isMulticolor2": false,
        "grid": 0,
        "tags": [
          "linkedin 1"
        ]
      },
      "attrs": [
        {
          "fill": "rgb(244, 244, 253)"
        },
        {
          "fill": "rgb(244, 244, 253)"
        },
        {
          "fill": "rgb(244, 244, 253)"
        }
      ],
      "properties": {
        "order": 10,
        "id": 3,
        "name": "linkedin",
        "prevSize": 32
      },
      "setIdx": 0,
      "setId": 3,
      "iconIdx": 0
    },
    {
      "icon": {
        "paths": [
          "M682.541 170.019h93.485v-162.816c-16.128-2.219-71.597-7.211-136.195-7.211-134.784 0-227.114 84.778-227.114 240.597v143.403h-148.737v182.016h148.737v457.985h182.357v-457.942h142.718l22.656-182.016h-165.417v-125.398c0.043-52.608 14.208-88.619 87.51-88.619z"
        ],
        "attrs": [
          {
            "fill": "rgb(244, 244, 253)"
          }
        ],
        "isMulticolor": false,
        "isMulticolor2": false,
        "grid": 0,
        "tags": [
          "facebook 1"
        ]
      },
      "attrs": [
        {
          "fill": "rgb(244, 244, 253)"
        }
      ],
      "properties": {
        "order": 11,
        "id": 2,
        "name": "facebook",
        "prevSize": 32
      },
      "setIdx": 0,
      "setId": 3,
      "iconIdx": 1
    },
    {
      "icon": {
        "paths": [
          "M1170.286 149.13c-43.52 19.090-89.893 31.744-138.24 37.888 49.737-29.696 87.698-76.361 105.545-132.608-46.373 27.648-97.573 47.177-152.137 58.076-44.032-46.885-106.789-75.922-175.25-75.922-132.827 0-239.762 107.813-239.762 239.982 0 19.017 1.609 37.303 5.559 54.711-199.461-9.728-375.954-105.326-494.519-250.953-20.699 35.913-32.841 77.019-32.841 121.271 0 83.090 42.789 156.745 106.569 199.387-38.546-0.731-76.361-11.922-108.398-29.55 0 0.731 0 1.682 0 2.633 0 116.59 83.163 213.431 192.219 235.739-19.529 5.339-40.814 7.899-62.903 7.899-15.36 0-30.866-0.878-45.422-4.096 31.086 95.013 119.296 164.865 224.183 167.133-81.627 63.854-185.271 102.327-297.472 102.327-19.675 0-38.546-0.878-57.417-3.291 106.277 68.535 232.229 107.666 368.055 107.666 441.49 0 682.862-365.716 682.862-682.717 0-10.606-0.366-20.846-0.878-31.013 47.616-33.792 87.625-75.995 120.247-124.562z"
        ],
        "attrs": [
          {
            "fill": "rgb(244, 244, 253)"
          }
        ],
        "width": 1170,
        "isMulticolor": false,
        "isMulticolor2": false,
        "grid": 0,
        "tags": [
          "Group (1)"
        ]
      },
      "attrs": [
        {
          "fill": "rgb(244, 244, 253)"
        }
      ],
      "properties": {
        "order": 12,
        "id": 1,
        "name": "twiter",
        "prevSize": 32
      },
      "setIdx": 0,
      "setId": 3,
      "iconIdx": 2
    },
    {
      "icon": {
        "paths": [
          "M515.038 91.262c-232.358 0-420.882 188.512-420.882 420.882s188.524 420.882 420.882 420.882c232.37 0 420.882-188.512 420.882-420.882s-188.512-420.882-420.882-420.882zM515.038 785.16c-150.742 0-273.016-122.262-273.016-273.016s122.274-273.016 273.016-273.016c150.754 0 273.016 122.262 273.016 273.016s-122.262 273.016-273.016 273.016z"
        ],
        "attrs": [
          {
            "fill": "rgb(244, 244, 253)"
          }
        ],
        "isMulticolor": false,
        "isMulticolor2": false,
        "grid": 0,
        "tags": [
          "Vector"
        ]
      },
      "attrs": [
        {
          "fill": "rgb(244, 244, 253)"
        }
      ],
      "properties": {
        "order": 13,
        "id": 0,
        "name": "inst",
        "prevSize": 32
      },
      "setIdx": 0,
      "setId": 3,
      "iconIdx": 3
    }
  ],
  "height": 1024,
  "preferences": {
    "showGlyphs": true,
    "showQuickUse": true,
    "showQuickUse2": true,
    "showSVGs": true,
    "fontPref": {
      "prefix": "icon-",
      "metadata": {
        "fontFamily": "icomoon"
      },
      "metrics": {
        "emSize": 1024,
        "baseline": 6.25,
        "whitespace": 50
      },
      "embed": false
    },
    "imagePref": {
      "prefix": "icon-",
      "png": true,
      "useClassSelector": true,
      "color": 0,
      "bgColor": 16777215,
      "classSelector": ".icon",
      "name": "icomoon"
    },
    "historySize": 50,
    "showCodes": true,
    "gridSize": 16
  }
}